"No.","Time","Source","Destination","Protocol","Length","Info"
"1","0.000000000","192.168.10.3","192.168.10.1","TCP","74","50200  >  53 [SYN] Seq=0 Win=64240 Len=0 MSS=1460 SACK_PERM=1 TSval=44562113 TSecr=0 WS=128"
"2","2.015961492","192.168.10.3","192.168.10.1","TCP","74","[TCP Retransmission] 50200  >  53 [SYN] Seq=0 Win=64240 Len=0 MSS=1460 SACK_PERM=1 TSval=44564129 TSecr=0 WS=128"
"3","3.984810877","192.168.10.3","192.168.10.1","DNS","107","Standard query 0x6640 A incoming.telemetry.mozilla.org.mail.redmail.com"
"4","3.985075223","192.168.10.3","192.168.10.1","DNS","114","Standard query 0x5df2 A firefox.settings.services.mozilla.com.mail.redmail.com"
"5","3.985588888","192.168.10.3","192.168.10.1","TCP","78","50202  >  53 [SYN] Seq=0 Win=64240 Len=0 MSS=1460 SACK_PERM=1 TSval=44566099 TSecr=0 WS=128 TFO=R"
"6","4.096202004","VMware_5e:72:a2","VMware_71:a8:f0","ARP","60","Who has 192.168.10.1? Tell 192.168.10.3"
"7","4.096792536","VMware_71:a8:f0","VMware_5e:72:a2","ARP","60","192.168.10.1 is at 00:0c:29:71:a8:f0"
"8","4.493526014","192.168.10.3","192.168.10.1","DHCP","326","DHCP Request  - Transaction ID 0xabb87aa0"
"9","4.494560879","192.168.10.1","192.168.10.3","DHCP","342","DHCP ACK      - Transaction ID 0xabb87aa0"
"10","4.992397201","192.168.10.3","192.168.10.1","TCP","74","[TCP Retransmission] 50202  >  53 [SYN] Seq=0 Win=64240 Len=0 MSS=1460 SACK_PERM=1 TSval=44567106 TSecr=0 WS=128"
"11","6.144242104","192.168.10.3","192.168.10.1","TCP","74","[TCP Retransmission] 50200  >  53 [SYN] Seq=0 Win=64240 Len=0 MSS=1460 SACK_PERM=1 TSval=44568257 TSecr=0 WS=128"
"12","7.008759714","192.168.10.3","192.168.10.1","TCP","74","[TCP Retransmission] 50202  >  53 [SYN] Seq=0 Win=64240 Len=0 MSS=1460 SACK_PERM=1 TSval=44569121 TSecr=0 WS=128"
"13","8.989804262","192.168.10.3","192.168.10.1","TCP","78","50204  >  53 [SYN] Seq=0 Win=64240 Len=0 MSS=1460 SACK_PERM=1 TSval=44571103 TSecr=0 WS=128 TFO=R"
"14","9.610184442","VMware_71:a8:f0","VMware_5e:72:a2","ARP","60","Who has 192.168.10.3? Tell 192.168.10.1"
"15","9.610913592","VMware_5e:72:a2","VMware_71:a8:f0","ARP","60","192.168.10.3 is at 00:0c:29:5e:72:a2"
"16","10.016038644","192.168.10.3","192.168.10.1","TCP","74","[TCP Retransmission] 50204  >  53 [SYN] Seq=0 Win=64240 Len=0 MSS=1460 SACK_PERM=1 TSval=44572129 TSecr=0 WS=128"
"17","11.264174507","192.168.10.3","192.168.10.1","TCP","74","[TCP Retransmission] 50202  >  53 [SYN] Seq=0 Win=64240 Len=0 MSS=1460 SACK_PERM=1 TSval=44573377 TSecr=0 WS=128"
"18","12.032808486","192.168.10.3","192.168.10.1","TCP","74","[TCP Retransmission] 50204  >  53 [SYN] Seq=0 Win=64240 Len=0 MSS=1460 SACK_PERM=1 TSval=44574146 TSecr=0 WS=128"
"19","13.996355566","192.168.10.3","192.168.10.1","DNS","97","Standard query 0x9f91 A firefox.settings.services.mozilla.com"
"20","16.128982753","192.168.10.3","192.168.10.1","TCP","74","[TCP Retransmission] 50204  >  53 [SYN] Seq=0 Win=64240 Len=0 MSS=1460 SACK_PERM=1 TSval=44578242 TSecr=0 WS=128"
"21","19.001985517","192.168.10.3","192.168.10.1","DNS","97","Standard query 0x9f91 A firefox.settings.services.mozilla.com"
"22","19.002736686","192.168.10.3","192.168.10.1","DNS","97","Standard query 0x67fb AAAA firefox.settings.services.mozilla.com"
"23","20.886162751","192.168.10.3","192.168.10.1","TCP","74","38576  >  5566 [SYN] Seq=0 Win=64240 Len=0 MSS=1460 SACK_PERM=1 TSval=44582998 TSecr=0 WS=128"
"24","21.888679317","192.168.10.3","192.168.10.1","TCP","74","[TCP Retransmission] 38576  >  5566 [SYN] Seq=0 Win=64240 Len=0 MSS=1460 SACK_PERM=1 TSval=44584001 TSecr=0 WS=128"
"25","23.905182397","192.168.10.3","192.168.10.1","TCP","74","[TCP Retransmission] 38576  >  5566 [SYN] Seq=0 Win=64240 Len=0 MSS=1460 SACK_PERM=1 TSval=44586017 TSecr=0 WS=128"
"26","24.006170484","192.168.10.3","192.168.10.1","DNS","97","Standard query 0x67fb AAAA firefox.settings.services.mozilla.com"
"27","24.006645448","192.168.10.3","192.168.10.1","TCP","78","50206  >  53 [SYN] Seq=0 Win=64240 Len=0 MSS=1460 SACK_PERM=1 TSval=44586119 TSecr=0 WS=128 TFO=R"
"28","25.025828076","192.168.10.3","192.168.10.1","TCP","74","[TCP Retransmission] 50206  >  53 [SYN] Seq=0 Win=64240 Len=0 MSS=1460 SACK_PERM=1 TSval=44587137 TSecr=0 WS=128"
"29","27.042052239","192.168.10.3","192.168.10.1","TCP","74","[TCP Retransmission] 50206  >  53 [SYN] Seq=0 Win=64240 Len=0 MSS=1460 SACK_PERM=1 TSval=44589154 TSecr=0 WS=128"
"30","28.161010847","192.168.10.3","192.168.10.1","TCP","74","[TCP Retransmission] 38576  >  5566 [SYN] Seq=0 Win=64240 Len=0 MSS=1460 SACK_PERM=1 TSval=44590273 TSecr=0 WS=128"
"31","28.929443001","VMware_5e:72:a2","VMware_71:a8:f0","ARP","60","Who has 192.168.10.1? Tell 192.168.10.3"
"32","28.930245704","VMware_71:a8:f0","VMware_5e:72:a2","ARP","60","192.168.10.1 is at 00:0c:29:71:a8:f0"
"33","29.011654231","192.168.10.3","192.168.10.1","TCP","78","50208  >  53 [SYN] Seq=0 Win=64240 Len=0 MSS=1460 SACK_PERM=1 TSval=44591124 TSecr=0 WS=128 TFO=R"
"34","30.017374060","192.168.10.3","192.168.10.1","TCP","74","[TCP Retransmission] 50208  >  53 [SYN] Seq=0 Win=64240 Len=0 MSS=1460 SACK_PERM=1 TSval=44592129 TSecr=0 WS=128"
"35","31.233244557","192.168.10.3","192.168.10.1","TCP","74","[TCP Retransmission] 50206  >  53 [SYN] Seq=0 Win=64240 Len=0 MSS=1460 SACK_PERM=1 TSval=44593345 TSecr=0 WS=128"
"36","32.033459799","192.168.10.3","192.168.10.1","TCP","74","[TCP Retransmission] 50208  >  53 [SYN] Seq=0 Win=64240 Len=0 MSS=1460 SACK_PERM=1 TSval=44594145 TSecr=0 WS=128"
"37","36.098138119","192.168.10.3","192.168.10.1","TCP","74","[TCP Retransmission] 50208  >  53 [SYN] Seq=0 Win=64240 Len=0 MSS=1460 SACK_PERM=1 TSval=44598210 TSecr=0 WS=128"
"38","36.354518324","192.168.10.3","192.168.10.1","TCP","74","[TCP Retransmission] 38576  >  5566 [SYN] Seq=0 Win=64240 Len=0 MSS=1460 SACK_PERM=1 TSval=44598466 TSecr=0 WS=128"
"39","39.027087791","192.168.10.3","192.168.10.1","DNS","114","Standard query 0xab44 AAAA firefox.settings.services.mozilla.com.mail.redmail.com"
"40","39.027329557","192.168.10.3","192.168.10.1","DNS","114","Standard query 0xb915 A firefox.settings.services.mozilla.com.mail.redmail.com"
"41","39.027570522","192.168.10.3","192.168.10.1","TCP","78","50210  >  53 [SYN] Seq=0 Win=64240 Len=0 MSS=1460 SACK_PERM=1 TSval=44601139 TSecr=0 WS=128 TFO=R"
"42","40.033981552","192.168.10.3","192.168.10.1","TCP","74","[TCP Retransmission] 50210  >  53 [SYN] Seq=0 Win=64240 Len=0 MSS=1460 SACK_PERM=1 TSval=44602145 TSecr=0 WS=128"
"43","42.050841425","192.168.10.3","192.168.10.1","TCP","74","[TCP Retransmission] 50210  >  53 [SYN] Seq=0 Win=64240 Len=0 MSS=1460 SACK_PERM=1 TSval=44604162 TSecr=0 WS=128"
"44","44.033038604","192.168.10.3","192.168.10.1","DNS","114","Standard query 0xb915 A firefox.settings.services.mozilla.com.mail.redmail.com"
"45","44.034083373","192.168.10.3","192.168.10.1","DNS","114","Standard query 0xab44 AAAA firefox.settings.services.mozilla.com.mail.redmail.com"
"46","44.035878332","VMware_71:a8:f0","Broadcast","ARP","60","Who has 192.168.10.254? Tell 192.168.10.1"
"47","45.065557352","VMware_71:a8:f0","Broadcast","ARP","60","Who has 192.168.10.254? Tell 192.168.10.1"
"48","46.082944662","192.168.10.3","192.168.10.1","TCP","74","[TCP Retransmission] 50210  >  53 [SYN] Seq=0 Win=64240 Len=0 MSS=1460 SACK_PERM=1 TSval=44608193 TSecr=0 WS=128"
"49","46.089980083","VMware_71:a8:f0","Broadcast","ARP","60","Who has 192.168.10.254? Tell 192.168.10.1"
"50","47.234093786","VMware_71:a8:f0","Broadcast","ARP","60","Who has 192.168.10.254? Tell 192.168.10.1"
"51","48.265018699","VMware_71:a8:f0","Broadcast","ARP","60","Who has 192.168.10.254? Tell 192.168.10.1"
"52","49.045843005","192.168.10.3","192.168.10.1","TCP","78","50214  >  53 [SYN] Seq=0 Win=64240 Len=0 MSS=1460 SACK_PERM=1 TSval=44611157 TSecr=0 WS=128 TFO=R"
"53","49.289273707","VMware_71:a8:f0","Broadcast","ARP","60","Who has 192.168.10.254? Tell 192.168.10.1"
"54","49.795142943","192.168.10.10","192.168.10.1","DHCP","324","DHCP Request  - Transaction ID 0xdc986542"
"55","49.797212717","192.168.10.1","192.168.10.10","DHCP","342","DHCP ACK      - Transaction ID 0xdc986542"
"56","50.082608497","192.168.10.3","192.168.10.1","TCP","74","[TCP Retransmission] 50214  >  53 [SYN] Seq=0 Win=64240 Len=0 MSS=1460 SACK_PERM=1 TSval=44612193 TSecr=0 WS=128"
"57","50.433063879","VMware_71:a8:f0","Broadcast","ARP","60","Who has 192.168.10.254? Tell 192.168.10.1"
"58","51.465579514","VMware_71:a8:f0","Broadcast","ARP","60","Who has 192.168.10.254? Tell 192.168.10.1"
"59","52.098653984","192.168.10.3","192.168.10.1","TCP","74","[TCP Retransmission] 50214  >  53 [SYN] Seq=0 Win=64240 Len=0 MSS=1460 SACK_PERM=1 TSval=44614209 TSecr=0 WS=128"
"60","52.482725970","192.168.10.3","192.168.10.1","TCP","74","[TCP Retransmission] 38576  >  5566 [SYN] Seq=0 Win=64240 Len=0 MSS=1460 SACK_PERM=1 TSval=44614593 TSecr=0 WS=128"
"61","52.489300372","VMware_71:a8:f0","Broadcast","ARP","60","Who has 192.168.10.254? Tell 192.168.10.1"
"62","53.633337991","VMware_71:a8:f0","Broadcast","ARP","60","Who has 192.168.10.254? Tell 192.168.10.1"
"63","54.274884413","VMware_5e:72:a2","VMware_71:a8:f0","ARP","60","Who has 192.168.10.1? Tell 192.168.10.3"
"64","54.276115293","VMware_71:a8:f0","VMware_5e:72:a2","ARP","60","192.168.10.1 is at 00:0c:29:71:a8:f0"
"65","54.665219412","VMware_71:a8:f0","Broadcast","ARP","60","Who has 192.168.10.254? Tell 192.168.10.1"
"66","54.921813939","VMware_71:a8:f0","VMware_b3:2c:b1","ARP","60","Who has 192.168.10.10? Tell 192.168.10.1"
"67","54.921837560","VMware_b3:2c:b1","VMware_71:a8:f0","ARP","42","192.168.10.10 is at 00:0c:29:b3:2c:b1"
"68","54.939927327","VMware_b3:2c:b1","VMware_71:a8:f0","ARP","42","Who has 192.168.10.1? Tell 192.168.10.10"
"69","54.940585816","VMware_71:a8:f0","VMware_b3:2c:b1","ARP","60","192.168.10.1 is at 00:0c:29:71:a8:f0"
"70","55.689229604","VMware_71:a8:f0","Broadcast","ARP","60","Who has 192.168.10.254? Tell 192.168.10.1"
"71","56.323295161","192.168.10.3","192.168.10.1","TCP","74","[TCP Retransmission] 50214  >  53 [SYN] Seq=0 Win=64240 Len=0 MSS=1460 SACK_PERM=1 TSval=44618434 TSecr=0 WS=128"
"72","56.721995409","VMware_71:a8:f0","Broadcast","ARP","60","Who has 192.168.10.254? Tell 192.168.10.1"
"73","57.737511241","VMware_71:a8:f0","Broadcast","ARP","60","Who has 192.168.10.254? Tell 192.168.10.1"
"74","58.761582951","VMware_71:a8:f0","Broadcast","ARP","60","Who has 192.168.10.254? Tell 192.168.10.1"
"75","59.917597654","VMware_71:a8:f0","Broadcast","ARP","60","Who has 192.168.10.254? Tell 192.168.10.1"
"76","60.938226579","VMware_71:a8:f0","Broadcast","ARP","60","Who has 192.168.10.254? Tell 192.168.10.1"
"77","61.960980787","VMware_71:a8:f0","Broadcast","ARP","60","Who has 192.168.10.254? Tell 192.168.10.1"
"78","62.986776280","VMware_71:a8:f0","Broadcast","ARP","60","Who has 192.168.10.254? Tell 192.168.10.1"
"79","64.009281232","VMware_71:a8:f0","Broadcast","ARP","60","Who has 192.168.10.254? Tell 192.168.10.1"
"80","65.032844089","VMware_71:a8:f0","Broadcast","ARP","60","Who has 192.168.10.254? Tell 192.168.10.1"
"81","66.321754197","VMware_71:a8:f0","Broadcast","ARP","60","Who has 192.168.10.254? Tell 192.168.10.1"
"82","67.337261115","VMware_71:a8:f0","Broadcast","ARP","60","Who has 192.168.10.254? Tell 192.168.10.1"
"83","68.361220844","VMware_71:a8:f0","Broadcast","ARP","60","Who has 192.168.10.254? Tell 192.168.10.1"
"84","69.385582535","VMware_71:a8:f0","Broadcast","ARP","60","Who has 192.168.10.254? Tell 192.168.10.1"
"85","70.409331741","VMware_71:a8:f0","Broadcast","ARP","60","Who has 192.168.10.254? Tell 192.168.10.1"
"86","71.433088230","VMware_71:a8:f0","Broadcast","ARP","60","Who has 192.168.10.254? Tell 192.168.10.1"
"87","72.585951435","VMware_71:a8:f0","Broadcast","ARP","60","Who has 192.168.10.254? Tell 192.168.10.1"
"88","73.608970840","VMware_71:a8:f0","Broadcast","ARP","60","Who has 192.168.10.254? Tell 192.168.10.1"
"89","74.633036473","VMware_71:a8:f0","Broadcast","ARP","60","Who has 192.168.10.254? Tell 192.168.10.1"
"90","75.657864844","VMware_71:a8:f0","Broadcast","ARP","60","Who has 192.168.10.254? Tell 192.168.10.1"
"91","76.681591792","VMware_71:a8:f0","Broadcast","ARP","60","Who has 192.168.10.254? Tell 192.168.10.1"
"92","77.704670126","VMware_71:a8:f0","Broadcast","ARP","60","Who has 192.168.10.254? Tell 192.168.10.1"
"93","78.985489389","VMware_71:a8:f0","Broadcast","ARP","60","Who has 192.168.10.254? Tell 192.168.10.1"
"94","80.009403783","VMware_71:a8:f0","Broadcast","ARP","60","Who has 192.168.10.254? Tell 192.168.10.1"
"95","81.032820745","VMware_71:a8:f0","Broadcast","ARP","60","Who has 192.168.10.254? Tell 192.168.10.1"
"96","84.996093761","192.168.10.3","192.168.10.1","TCP","74","[TCP Retransmission] 38576  >  5566 [SYN] Seq=0 Win=64240 Len=0 MSS=1460 SACK_PERM=1 TSval=44647105 TSecr=0 WS=128"
"97","90.116954760","VMware_5e:72:a2","VMware_71:a8:f0","ARP","60","Who has 192.168.10.1? Tell 192.168.10.3"
"98","90.117504497","VMware_71:a8:f0","VMware_5e:72:a2","ARP","60","192.168.10.1 is at 00:0c:29:71:a8:f0"
"99","109.112097165","192.168.10.3","192.168.10.1","TCP","78","50218  >  53 [SYN] Seq=0 Win=64240 Len=0 MSS=1460 SACK_PERM=1 TSval=44671220 TSecr=0 WS=128 TFO=R"
"100","110.117698692","192.168.10.3","192.168.10.1","TCP","74","[TCP Retransmission] 50218  >  53 [SYN] Seq=0 Win=64240 Len=0 MSS=1460 SACK_PERM=1 TSval=44672225 TSecr=0 WS=128"
"101","112.133552640","192.168.10.3","192.168.10.1","TCP","74","[TCP Retransmission] 50218  >  53 [SYN] Seq=0 Win=64240 Len=0 MSS=1460 SACK_PERM=1 TSval=44674241 TSecr=0 WS=128"
"102","116.230145613","192.168.10.3","192.168.10.1","TCP","74","[TCP Retransmission] 50218  >  53 [SYN] Seq=0 Win=64240 Len=0 MSS=1460 SACK_PERM=1 TSval=44678337 TSecr=0 WS=128"
"103","117.255237052","VMware_5e:72:a2","VMware_71:a8:f0","ARP","60","Who has 192.168.10.1? Tell 192.168.10.3"
"104","117.262153555","VMware_71:a8:f0","VMware_5e:72:a2","ARP","60","192.168.10.1 is at 00:0c:29:71:a8:f0"
"105","119.121843649","192.168.10.3","192.168.10.1","DNS","90","Standard query 0xc062 AAAA incoming.telemetry.mozilla.org"
"106","119.122677285","192.168.10.3","192.168.10.1","DNS","90","Standard query 0xbaad A incoming.telemetry.mozilla.org"
"107","119.123552774","192.168.10.3","192.168.10.1","TCP","78","50220  >  53 [SYN] Seq=0 Win=64240 Len=0 MSS=1460 SACK_PERM=1 TSval=44681230 TSecr=0 WS=128 TFO=R"
"108","119.128084129","192.168.10.3","192.168.10.1","DNS","107","Standard query 0xea52 AAAA incoming.telemetry.mozilla.org.mail.redmail.com"
"109","120.134806551","192.168.10.3","192.168.10.1","TCP","74","[TCP Retransmission] 50220  >  53 [SYN] Seq=0 Win=64240 Len=0 MSS=1460 SACK_PERM=1 TSval=44682241 TSecr=0 WS=128"
"110","122.150404531","192.168.10.3","192.168.10.1","TCP","74","[TCP Retransmission] 50220  >  53 [SYN] Seq=0 Win=64240 Len=0 MSS=1460 SACK_PERM=1 TSval=44684257 TSecr=0 WS=128"
"111","122.720542378","192.168.10.3","192.168.10.1","DNS","84","Standard query 0xc65c A detectportal.firefox.com"
"112","122.720870216","192.168.10.3","192.168.10.1","DNS","84","Standard query 0x19ad AAAA detectportal.firefox.com"
"113","124.128342055","192.168.10.3","192.168.10.1","DNS","107","Standard query 0xea52 AAAA incoming.telemetry.mozilla.org.mail.redmail.com"
"114","124.129380604","192.168.10.3","192.168.10.1","DNS","90","Standard query 0xc062 AAAA incoming.telemetry.mozilla.org"
"115","124.130413474","192.168.10.3","192.168.10.1","TCP","78","50224  >  53 [SYN] Seq=0 Win=64240 Len=0 MSS=1460 SACK_PERM=1 TSval=44686237 TSecr=0 WS=128 TFO=R"
"116","125.158840948","192.168.10.3","192.168.10.1","TCP","74","[TCP Retransmission] 50224  >  53 [SYN] Seq=0 Win=64240 Len=0 MSS=1460 SACK_PERM=1 TSval=44687265 TSecr=0 WS=128"
"117","126.215016725","192.168.10.3","192.168.10.1","TCP","74","[TCP Retransmission] 50220  >  53 [SYN] Seq=0 Win=64240 Len=0 MSS=1460 SACK_PERM=1 TSval=44688321 TSecr=0 WS=128"
"118","127.174954123","192.168.10.3","192.168.10.1","TCP","74","[TCP Retransmission] 50224  >  53 [SYN] Seq=0 Win=64240 Len=0 MSS=1460 SACK_PERM=1 TSval=44689281 TSecr=0 WS=128"
"119","129.134470763","192.168.10.3","192.168.10.1","DNS","107","Standard query 0x6ce7 A incoming.telemetry.mozilla.org.mail.redmail.com"
"120","129.134929472","192.168.10.3","192.168.10.1","DNS","107","Standard query 0x7e0e AAAA incoming.telemetry.mozilla.org.mail.redmail.com"
"121","131.334646818","192.168.10.3","192.168.10.1","TCP","74","[TCP Retransmission] 50224  >  53 [SYN] Seq=0 Win=64240 Len=0 MSS=1460 SACK_PERM=1 TSval=44693441 TSecr=0 WS=128"
"122","132.726825472","192.168.10.3","192.168.10.1","DNS","101","Standard query 0x0154 A detectportal.firefox.com.mail.redmail.com"
"123","132.728207745","192.168.10.3","192.168.10.1","DNS","101","Standard query 0x7126 AAAA detectportal.firefox.com.mail.redmail.com"
"124","134.140685652","192.168.10.3","192.168.10.1","DNS","107","Standard query 0x7e0e AAAA incoming.telemetry.mozilla.org.mail.redmail.com"
"125","134.141304831","192.168.10.3","192.168.10.1","DNS","107","Standard query 0x6ce7 A incoming.telemetry.mozilla.org.mail.redmail.com"
"126","134.142195027","192.168.10.3","192.168.10.1","TCP","78","50226  >  53 [SYN] Seq=0 Win=64240 Len=0 MSS=1460 SACK_PERM=1 TSval=44696248 TSecr=0 WS=128 TFO=R"
"127","135.143673972","192.168.10.3","192.168.10.1","TCP","74","[TCP Retransmission] 50226  >  53 [SYN] Seq=0 Win=64240 Len=0 MSS=1460 SACK_PERM=1 TSval=44697250 TSecr=0 WS=128"
"128","137.159015997","192.168.10.3","192.168.10.1","TCP","74","[TCP Retransmission] 50226  >  53 [SYN] Seq=0 Win=64240 Len=0 MSS=1460 SACK_PERM=1 TSval=44699265 TSecr=0 WS=128"
"129","137.732373592","192.168.10.3","192.168.10.1","TCP","78","50228  >  53 [SYN] Seq=0 Win=64240 Len=0 MSS=1460 SACK_PERM=1 TSval=44699838 TSecr=0 WS=128 TFO=R"
"130","138.759181029","192.168.10.3","192.168.10.1","TCP","74","[TCP Retransmission] 50228  >  53 [SYN] Seq=0 Win=64240 Len=0 MSS=1460 SACK_PERM=1 TSval=44700865 TSecr=0 WS=128"
"131","140.775596009","192.168.10.3","192.168.10.1","TCP","74","[TCP Retransmission] 50228  >  53 [SYN] Seq=0 Win=64240 Len=0 MSS=1460 SACK_PERM=1 TSval=44702881 TSecr=0 WS=128"
"132","141.320448264","192.168.10.3","192.168.10.1","TCP","74","[TCP Retransmission] 50226  >  53 [SYN] Seq=0 Win=64240 Len=0 MSS=1460 SACK_PERM=1 TSval=44703426 TSecr=0 WS=128"
"133","144.156351933","192.168.10.3","192.168.10.1","TCP","78","50230  >  53 [SYN] Seq=0 Win=64240 Len=0 MSS=1460 SACK_PERM=1 TSval=44706262 TSecr=0 WS=128 TFO=R"
"134","144.903402703","192.168.10.3","192.168.10.1","TCP","74","[TCP Retransmission] 50228  >  53 [SYN] Seq=0 Win=64240 Len=0 MSS=1460 SACK_PERM=1 TSval=44707009 TSecr=0 WS=128"
"135","145.160414302","192.168.10.3","192.168.10.1","TCP","74","[TCP Retransmission] 50230  >  53 [SYN] Seq=0 Win=64240 Len=0 MSS=1460 SACK_PERM=1 TSval=44707266 TSecr=0 WS=128"
"136","145.927395937","VMware_5e:72:a2","VMware_71:a8:f0","ARP","60","Who has 192.168.10.1? Tell 192.168.10.3"
"137","145.927888990","VMware_71:a8:f0","VMware_5e:72:a2","ARP","60","192.168.10.1 is at 00:0c:29:71:a8:f0"
"138","147.175923821","192.168.10.3","192.168.10.1","TCP","74","[TCP Retransmission] 50230  >  53 [SYN] Seq=0 Win=64240 Len=0 MSS=1460 SACK_PERM=1 TSval=44709281 TSecr=0 WS=128"
"139","149.161688809","192.168.10.3","192.168.10.1","TCP","78","50232  >  53 [SYN] Seq=0 Win=64240 Len=0 MSS=1460 SACK_PERM=1 TSval=44711267 TSecr=0 WS=128 TFO=R"
"140","150.183795053","192.168.10.3","192.168.10.1","TCP","74","[TCP Retransmission] 50232  >  53 [SYN] Seq=0 Win=64240 Len=0 MSS=1460 SACK_PERM=1 TSval=44712289 TSecr=0 WS=128"
"141","151.304633325","192.168.10.3","192.168.10.1","TCP","74","[TCP Retransmission] 50230  >  53 [SYN] Seq=0 Win=64240 Len=0 MSS=1460 SACK_PERM=1 TSval=44713409 TSecr=0 WS=128"
"142","152.200264112","192.168.10.3","192.168.10.1","TCP","74","[TCP Retransmission] 50232  >  53 [SYN] Seq=0 Win=64240 Len=0 MSS=1460 SACK_PERM=1 TSval=44714305 TSecr=0 WS=128"
"143","154.164310102","192.168.10.3","192.168.10.1","DNS","90","Standard query 0xe7eb AAAA incoming.telemetry.mozilla.org"
"144","154.164557881","192.168.10.3","192.168.10.1","DNS","84","Standard query 0x718c A detectportal.firefox.com"
"145","154.166287837","192.168.10.3","192.168.10.1","DNS","107","Standard query 0x31cb A incoming.telemetry.mozilla.org.mail.redmail.com"
"146","154.166612132","192.168.10.3","192.168.10.1","DNS","107","Standard query 0x6205 AAAA incoming.telemetry.mozilla.org.mail.redmail.com"
"147","156.278814759","192.168.10.3","192.168.10.1","DHCP","342","DHCP Request  - Transaction ID 0x2dae931a"
"148","156.279713557","192.168.10.1","192.168.10.3","DHCP","342","DHCP ACK      - Transaction ID 0x2dae931a"
"149","156.424023662","192.168.10.3","192.168.10.1","TCP","74","[TCP Retransmission] 50232  >  53 [SYN] Seq=0 Win=64240 Len=0 MSS=1460 SACK_PERM=1 TSval=44718529 TSecr=0 WS=128"
"150","159.172773029","192.168.10.3","192.168.10.1","DNS","107","Standard query 0x6205 AAAA incoming.telemetry.mozilla.org.mail.redmail.com"
"151","159.173167932","192.168.10.3","192.168.10.1","DNS","107","Standard query 0x31cb A incoming.telemetry.mozilla.org.mail.redmail.com"
"152","159.174280909","192.168.10.3","192.168.10.1","DNS","101","Standard query 0xe7bf A detectportal.firefox.com.mail.redmail.com"
"153","159.175118920","192.168.10.3","192.168.10.1","DNS","101","Standard query 0x8ad1 AAAA detectportal.firefox.com.mail.redmail.com"
"154","159.175799418","192.168.10.3","192.168.10.1","TCP","78","50234  >  53 [SYN] Seq=0 Win=64240 Len=0 MSS=1460 SACK_PERM=1 TSval=44721281 TSecr=0 WS=128 TFO=R"
"155","160.200283557","192.168.10.3","192.168.10.1","TCP","74","[TCP Retransmission] 50234  >  53 [SYN] Seq=0 Win=64240 Len=0 MSS=1460 SACK_PERM=1 TSval=44722305 TSecr=0 WS=128"
"156","161.415885953","VMware_71:a8:f0","VMware_5e:72:a2","ARP","60","Who has 192.168.10.3? Tell 192.168.10.1"
"157","161.416117333","VMware_5e:72:a2","VMware_71:a8:f0","ARP","60","192.168.10.3 is at 00:0c:29:5e:72:a2"
"158","162.217032591","192.168.10.3","192.168.10.1","TCP","74","[TCP Retransmission] 50234  >  53 [SYN] Seq=0 Win=64240 Len=0 MSS=1460 SACK_PERM=1 TSval=44724322 TSecr=0 WS=128"
"159","164.179453489","192.168.10.3","192.168.10.1","DNS","101","Standard query 0x8ad1 AAAA detectportal.firefox.com.mail.redmail.com"
"160","164.179825665","192.168.10.3","192.168.10.1","DNS","101","Standard query 0xe7bf A detectportal.firefox.com.mail.redmail.com"
"161","166.408733137","192.168.10.3","192.168.10.1","TCP","74","[TCP Retransmission] 50234  >  53 [SYN] Seq=0 Win=64240 Len=0 MSS=1460 SACK_PERM=1 TSval=44728513 TSecr=0 WS=128"
"162","169.186689464","192.168.10.3","192.168.10.1","TCP","78","50236  >  53 [SYN] Seq=0 Win=64240 Len=0 MSS=1460 SACK_PERM=1 TSval=44731291 TSecr=0 WS=128 TFO=R"
"163","169.187174172","192.168.10.3","192.168.10.1","TCP","78","50238  >  53 [SYN] Seq=0 Win=64240 Len=0 MSS=1460 SACK_PERM=1 TSval=44731291 TSecr=0 WS=128 TFO=R"
"164","170.217131962","192.168.10.3","192.168.10.1","TCP","74","[TCP Retransmission] 50238  >  53 [SYN] Seq=0 Win=64240 Len=0 MSS=1460 SACK_PERM=1 TSval=44732321 TSecr=0 WS=128"
"165","170.217752651","192.168.10.3","192.168.10.1","TCP","74","[TCP Retransmission] 50236  >  53 [SYN] Seq=0 Win=64240 Len=0 MSS=1460 SACK_PERM=1 TSval=44732322 TSecr=0 WS=128"
"166","170.952920150","192.168.10.10","192.168.10.1","DHCP","342","DHCP Request  - Transaction ID 0x9cb49a4b"
"167","170.968601823","192.168.10.1","192.168.10.8","DHCP","342","DHCP ACK      - Transaction ID 0x9cb49a4b"
"168","172.233023953","192.168.10.3","192.168.10.1","TCP","74","[TCP Retransmission] 50236  >  53 [SYN] Seq=0 Win=64240 Len=0 MSS=1460 SACK_PERM=1 TSval=44734337 TSecr=0 WS=128"
"169","172.233086156","192.168.10.3","192.168.10.1","TCP","74","[TCP Retransmission] 50238  >  53 [SYN] Seq=0 Win=64240 Len=0 MSS=1460 SACK_PERM=1 TSval=44734337 TSecr=0 WS=128"
"170","174.345234275","VMware_5e:72:a2","VMware_71:a8:f0","ARP","60","Who has 192.168.10.1? Tell 192.168.10.3"
"171","174.345821532","VMware_71:a8:f0","VMware_5e:72:a2","ARP","60","192.168.10.1 is at 00:0c:29:71:a8:f0"
"172","176.008292314","VMware_71:a8:f0","VMware_b3:2c:b1","ARP","60","Who has 192.168.10.8? Tell 192.168.10.1"
"173","176.008311553","VMware_b3:2c:b1","VMware_71:a8:f0","ARP","42","192.168.10.8 is at 00:0c:29:b3:2c:b1"
"174","176.027821042","VMware_b3:2c:b1","VMware_71:a8:f0","ARP","42","Who has 192.168.10.1? Tell 192.168.10.10"
"175","176.028252671","VMware_71:a8:f0","VMware_b3:2c:b1","ARP","60","192.168.10.1 is at 00:0c:29:71:a8:f0"
"176","176.393924720","192.168.10.3","192.168.10.1","TCP","74","[TCP Retransmission] 50238  >  53 [SYN] Seq=0 Win=64240 Len=0 MSS=1460 SACK_PERM=1 TSval=44738498 TSecr=0 WS=128"
"177","176.394143202","192.168.10.3","192.168.10.1","TCP","74","[TCP Retransmission] 50236  >  53 [SYN] Seq=0 Win=64240 Len=0 MSS=1460 SACK_PERM=1 TSval=44738498 TSecr=0 WS=128"
